"0","n <- length(avesFCBM.test$BM.g)"
"0",""
"0",""
"0",""
"0","lm_BM.MSE.test <- 1/n * sum((avesFCBM.test$BM.g - lm_BM.prd)^2) "
"0","loglog_BM.MSE.test <- 1/n * sum((log(avesFCBM.test$BM.g) - loglog_BM.prd)^2)"
"0","poly2_BM.MSE.test <- 1/n * sum((avesFCBM.test$BM.g - poly2_BM.prd)^2)"
"0","poly3_BM.MSE.test <- 1/n * sum((avesFCBM.test$BM.g - poly3_BM.prd)^2)"
"0","Spline_BM1.MSE.test <- 1/n * sum((avesFCBM.test$BM.g - Spline_BM1.prd)^2)"
"0","Spline_BM2.MSE.test <- 1/n * sum((avesFCBM.test$BM.g - Spline_BM2.prd)^2)"
"0",""
"0",""
"0","MSE.testBM <- data.frame(type = 'test', lm_BM = lm_BM.MSE.test, "
"0","                        loglog_BM =loglog_BM.MSE.test,"
"0","                        poly2_BM = poly2_BM.MSE.test,"
"0","                        poly3_BM = poly3_BM.MSE.test,"
"0","                        Spline_BM1 = Spline_BM1.MSE.test,"
"0","                       Spline_BM2 = Spline_BM2.MSE.test)"
"0",""
"0","MSE <- rbind(MSE.trainBM, MSE.testBM)"
"0",""
"0","MSE.longBM <- MSE %>% pivot_longer(-type, names_to = 'model', values_to = 'MSE')"
"0",""
"0",""
"0","levels(as.factor(MSE.long$model))"
"1","[1]"
"1"," ""lm_FC""         "
"1"," ""lmClade1_FC""   "
"1"," ""lmClade2_FC""   "
"1"," ""loglog_FC""     "
"1"," ""logClade1_FC""  "
"1"," ""logClade2_FC""  "
"1"," ""poly2_FC""      "
"1","
"
"1","[8]"
"1"," ""poly2Clade1_FC"""
"1"," ""poly2Clade2_FC"""
"1","
"
"0"," MSE.long$model <- factor(MSE.long$model, "
"0","                           levels = c(""lm_FC"",""lmClade1_FC"",""lmClade2_FC"",""loglog_FC"",""logClade1_FC"",""logClade2_FC"",""poly2_FC"",""poly2Clade1_FC"",""poly2Clade2_FC"""
"0","                                      ))"
"0",""
"0",""
"0","ggplot(data = MSE.longBM, aes(x = model, y = MSE)) +"
"0","  geom_line(aes(group = type, color = type) )+ "
"0","  geom_point(aes(color = model))"
