"0","Spline_BM1 <- train(BM.g ~bs(FemurCirc, knots = 50), data = newAves, method = ""lm"","
"0","               trControl = train.control)"
"0",""
"0","# Spline model 2 knots"
"0","Spline_BM2 <- train(BM.g ~ bs(FemurCirc, knots = c(25, 50)), data = avesFCBM.train, method = ""lm"","
"0","               trControl = train.control)"
"0",""
"0",""
"0","MAE.BM <- data.frame(type = 'cv', lm_BM = lm_BM$results$MAE, "
"0","                        loglog_BM = loglog_BM$results$MAE,"
"0","                        poly2_BM = poly2_BM$results$MAE,"
"0","                        poly3_BM = poly3_BM$results$MAE,"
"0","                        Spline_BM1 = Spline_BM1$results$MAE,"
"0","                        Spline_BM2 = Spline_BM2$results$MAE)"
"0",""
"0","MAE.longBM <- MAE.BM %>% pivot_longer(-type, names_to = 'model', values_to = 'MAE')"
"0",""
"0","ggplot(data = MAE.longBM, aes(x = model, y = MAE)) +"
"0","  geom_line(aes(group = type, color = type) )+ "
"0","  geom_point(aes(color = model))"
