"0","# No test dataset is necessary"
"0",""
"0","train.control <- trainControl(method = ""repeatedcv"", "
"0","                              number = 10, repeats = 20)"
"0",""
"0","# Fit lineal model"
"0","lm_BM <- train(BM.g ~FemurCirc, data = newAves, method = ""lm"","
"0","               trControl = train.control)"
"0",""
"0","# Fit loglog model"
"0","loglog_BM <- train(log(BM.g) ~ log(FemurCirc), data = newAves, method = ""lm"","
"0","               trControl = train.control)"
"0",""
"0","# Poly 2 model "
"0","poly2_BM <- train(BM.g ~ poly(FemurCirc,2), data = newAves, method = ""lm"","
"0","               trControl = train.control)"
"0",""
"0","# Poly 2 model "
"0","poly3_BM <- train(BM.g ~ poly(FemurCirc,3), data = newAves, method = ""lm"","
"0","               trControl = train.control)"
"0",""
"0","# Spline model 1 knots"
"0","library(splines)"
"0","hist(newAves$FemurCirc)"
