{"chunk_definitions":[{"row":24,"row_count":1,"visible":true,"expansion_state":0,"options":{"engine":"r","label":"unnamed-chunk-1"},"document_id":"EE6DF07D","chunk_id":"cnhcpjrq8oyy3","chunk_label":"unnamed-chunk-1"},{"row":39,"row_count":1,"visible":true,"expansion_state":0,"options":{"engine":"r","label":"unnamed-chunk-2"},"document_id":"EE6DF07D","chunk_id":"ca5hsq7acaclp","chunk_label":"unnamed-chunk-2"},{"row":71,"row_count":1,"visible":true,"expansion_state":0,"options":{"engine":"r","label":"unnamed-chunk-12"},"document_id":"EE6DF07D","chunk_id":"cqo4blk31s8ep","chunk_label":"unnamed-chunk-3"},{"row":131,"row_count":1,"visible":true,"expansion_state":0,"options":{"engine":"r","label":"unnamed-chunk-116"},"document_id":"EE6DF07D","chunk_id":"ch6kdjg5gksog","chunk_label":"unnamed-chunk-4"},{"row":157,"row_count":1,"visible":true,"expansion_state":0,"options":{"engine":"r","label":"unnamed-chunk-118"},"document_id":"EE6DF07D","chunk_id":"cix9lokhtjp5d","chunk_label":"unnamed-chunk-5"},{"row":179,"row_count":1,"visible":true,"expansion_state":0,"options":{"engine":"r","label":"unnamed-chunk-119"},"document_id":"EE6DF07D","chunk_id":"cqisnnkn9kn6x","chunk_label":"unnamed-chunk-6"},{"row":227,"row_count":1,"visible":true,"expansion_state":0,"options":{"engine":"r","label":"unnamed-chunk-120"},"document_id":"EE6DF07D","chunk_id":"chqa89qjj0kgr","chunk_label":"unnamed-chunk-7"},{"row":294,"row_count":1,"visible":true,"expansion_state":0,"options":{"engine":"r","label":"unnamed-chunk-94"},"document_id":"EE6DF07D","chunk_id":"c4n2nmq1pzgzh","chunk_label":"unnamed-chunk-8"},{"row":327,"row_count":1,"visible":true,"expansion_state":0,"options":{"engine":"r","label":"unnamed-chunk-121"},"document_id":"EE6DF07D","chunk_id":"cvbfbip9rtsxh","chunk_label":"unnamed-chunk-9"},{"row":366,"row_count":1,"visible":true,"expansion_state":0,"options":{"engine":"r","label":"unnamed-chunk-122"},"document_id":"EE6DF07D","chunk_id":"cyb9i1xn8k2sc","chunk_label":"unnamed-chunk-10"},{"row":410,"row_count":1,"visible":true,"expansion_state":0,"options":{"engine":"r","label":"unnamed-chunk-123"},"document_id":"EE6DF07D","chunk_id":"ciqkbyzzg9vkw","chunk_label":"unnamed-chunk-11"},{"row":462,"row_count":1,"visible":true,"expansion_state":0,"options":{"engine":"r","label":"unnamed-chunk-124"},"document_id":"EE6DF07D","chunk_id":"cdaioluxykp8g","chunk_label":"unnamed-chunk-12"},{"row":485,"row_count":1,"visible":true,"expansion_state":0,"options":{"engine":"r","label":"unnamed-chunk-125"},"document_id":"EE6DF07D","chunk_id":"c3vqrilqwtqxo","chunk_label":"unnamed-chunk-13"},{"row":509,"row_count":1,"visible":true,"expansion_state":0,"options":{"engine":"r","label":"unnamed-chunk-126"},"document_id":"EE6DF07D","chunk_id":"co26c1fxzbwso","chunk_label":"unnamed-chunk-14"},{"row":548,"row_count":1,"visible":true,"expansion_state":0,"options":{"engine":"r","label":"unnamed-chunk-127"},"document_id":"EE6DF07D","chunk_id":"cl9in90dcwqx9","chunk_label":"unnamed-chunk-15"},{"row":597,"row_count":1,"visible":true,"expansion_state":0,"options":{"engine":"r","label":"unnamed-chunk-128"},"document_id":"EE6DF07D","chunk_id":"cmqji410fr49g","chunk_label":"unnamed-chunk-16"},{"row":625,"row_count":1,"visible":true,"expansion_state":0,"options":{"engine":"r","label":"unnamed-chunk-138"},"document_id":"EE6DF07D","chunk_id":"czy901wme3n30","chunk_label":"unnamed-chunk-17"},{"row":679,"row_count":1,"visible":true,"expansion_state":0,"options":{"engine":"r","label":"unnamed-chunk-181"},"document_id":"EE6DF07D","chunk_id":"cfnisr2cen705","chunk_label":"unnamed-chunk-18"},{"row":738,"row_count":1,"visible":true,"expansion_state":0,"options":{"engine":"r","label":"unnamed-chunk-182"},"document_id":"EE6DF07D","chunk_id":"cwfypfy3eqgb0","chunk_label":"unnamed-chunk-19"},{"row":795,"row_count":1,"visible":true,"expansion_state":0,"options":{"engine":"r","label":"unnamed-chunk-185"},"document_id":"EE6DF07D","chunk_id":"caqdsgrfpstbl","chunk_label":"unnamed-chunk-20"},{"row":853,"row_count":1,"visible":true,"expansion_state":0,"options":{"engine":"r","label":"unnamed-chunk-186"},"document_id":"EE6DF07D","chunk_id":"cqxhsj32sapez","chunk_label":"unnamed-chunk-21"}],"doc_write_time":1701759624}