"0","jarvis() |>
map_chr(.f = replicate(5))
"
"1","[1]"
"1"," ""Vivi, Youre doing a great job!_repli"""
"1","
"
"1","[1]"
"1"," ""Vivi, Youre doing a great job!_repli"""
"1","
"
"1","[1]"
"1"," ""Vivi, Youre doing a great job!_repli"""
"1","
"
"1","[1]"
"1"," ""Vivi, Youre doing a great job!_repli"""
"1","
"
"1","[1]"
"1"," ""Vivi, Youre doing a great job!_repli"""
"1","
"
"1","[1]"
"1"," ""Vivi, Youre doing a great job!_map"""
"1","
"
"1","[1]"
"1"," ""Vivi, Youre doing a great job!_map"""
"1","
"
"1","[1]"
"1"," ""Vivi, Youre doing a great job!_map"""
"1","
"
"1","[1]"
"1"," ""Vivi, Youre doing a great job!_map"""
"1","
"
"1","[1]"
"1"," ""Vivi, Youre doing a great job!_map"""
"1","
"
"2","Error in FUN(X[[i]], ...) : argument is missing, with no default
"
