"0","# Training and testing sets"
"0",""
"0",""
"0","sample.test <-sample(x = 1:nrow(newAves),size = ceiling(nrow(newAves)* 0.2))"
"0",""
"0","avesFCBM.test <- newAves[sample.test,]"
"0","avesFCBM.train <- newAves[-sample.test,]"
"0"," dim(avesFCBM.train)"
"1","[1]"
"1"," 828"
"1","  31"
"1","
"
"0","# Fit lineal model"
"0","lm_BM <- lm(BM.g ~FemurCirc, data = avesFCBM.train)"
"0",""
"0","# Fit loglog model"
"0","loglog_BM <- lm(log(BM.g) ~ log(FemurCirc), data = avesFCBM.train)"
"0",""
"0","# Poly 2 model "
"0","poly2_BM <- lm(BM.g ~ poly(FemurCirc,2), data = avesFCBM.train)"
"0",""
"0","# Poly 2 model "
"0","poly3_BM <- lm(BM.g ~ poly(FemurCirc,3), data = avesFCBM.train)"
"0",""
"0","# Spline model 1 knots"
"0","library(splines)"
"0","Spline_BM1 <- lm(BM.g ~bs(FemurCirc, knots = 50), data = avesFCBM.train)"
"0",""
"0","# Spline model 2 knots"
"0","Spline_BM2 <- lm(BM.g ~ bs(FemurCirc, knots = c(35, 50)), data = avesFCBM.train)"
"0",""
"0",""
"0","# Fit values"
"0","fitvals_BM.train <- data.frame(FemurCirc = avesFCBM.train$FemurCirc, "
"0","                         trueBM = avesFCBM.train$BM.g,"
"0","                         lm_BM = lm_BM$fitted.values, "
"0","                         loglog_BM = exp(loglog_BM$fitted.values),"
"0","                         poly2_BM = poly2_BM$fitted.values,"
"0","                         poly3_BM = poly3_BM$fitted.values,"
"0","                         Spline_BM1 = Spline_BM1$fitted.values,"
"0","                         Spline_BM2 = Spline_BM2$fitted.values)"
"0",""
"0",""
"0","fitvals_BM.long <- fitvals_BM.train %>% pivot_longer(-FemurCirc, names_to = 'model', values_to = 'BM')"
"0",""
"0","ggplot(data = fitvals_BM.long) +"
"0","  geom_line(aes(y = BM, x = FemurCirc, color = model)) +"
"0","  geom_point(data = avesFCBM.train, aes(y=BM.g, x=FemurCirc), size = 0.5, alpha = 1, color = 'darkblue') "
