"0",""
"0","# Fit lineal model"
"0","lm_BM.prd <- predict(lm_BM, newdata = data.frame(FemurCirc = avesFCBM.test$FemurCirc))"
"0",""
"0","# Fit loglog model"
"0","loglog_BM.prd <- predict(loglog_BM, newdata = data.frame(FemurCirc = avesFCBM.test$FemurCirc))"
"0",""
"0","# Poly 2 model "
"0","poly2_BM.prd <- predict(poly2_BM, newdata = data.frame(FemurCirc = avesFCBM.test$FemurCirc))"
"0",""
"0","# Poly 3 model "
"0","poly3_BM.prd <- predict(poly3_BM, newdata = data.frame(FemurCirc = avesFCBM.test$FemurCirc))"
"0",""
"0","# Spline model 1 knots"
"0","library(splines)"
"0","Spline_BM1.prd <- predict(Spline_BM1, newdata = data.frame(FemurCirc = avesFCBM.test$FemurCirc))"
"0",""
"0","# Spline model 2 knots"
"0","Spline_BM2.prd <- predict(Spline_BM2, newdata = data.frame(FemurCirc = avesFCBM.test$FemurCirc))"
