"0",""
"0",""
"0","# Predict VD - Estimated Body Mass transform"
"0",""
"0","#Andersonetal1985poly <-   0.16 * Dinos$FemurCirc^2.37699"
"0",""
"0",""
"0","CampbellMarcus1992 <- -0.065 + 2.411*log10(Dinos$FemurCirc)"
"0",""
"0","CampioneEtal2014 <- -0.683 + 2.754*log10(Dinos$FemurCirc)"
"0",""
"0","FieldEtal2013 <- -0.11 + 2.4*log(Dinos$FemurCirc)"
"0",""
"0","RomeroAlarcon2023Log <-  -0.09121 + 2.37699*log(Dinos$FemurCirc)"
"0",""
"0","#RomeroAlarcon2023poly <- predict(poly2_BM,newdata = data.frame(""FemurCirc"" = Dinos$FemurCirc))"
"0",""
"0","nrow(Dinos)"
"1","[1]"
"1"," 111"
"1","
"
"0","modelsPredictlog10 <- as.data.frame(cbind(trueBM.g = log10(Dinos$BM.g), FemurCirc = log10(Dinos$FemurCirc), CampbellMarcus1992, CampioneEtal2014, typeLog = rep(""log10"", length(Dinos$FemurCirc))))"
"0",""
"0","modelsPredictlog <- as.data.frame(cbind(trueBM.g = log(Dinos$BM.g), FemurCirc = log(Dinos$FemurCirc),  FieldEtal2013,  RomeroAlarcon2023Log, typeLog = rep(""log"", length(Dinos$FemurCirc))))"
"0",""
"0","modelsPredictlog10 <- modelsPredictlog10 |> pivot_longer(cols = c(CampbellMarcus1992, CampioneEtal2014), names_to = ""Models"", values_to = ""predBM.g"")"
"0",""
"0","modelsPredictlog <- modelsPredictlog |> pivot_longer(cols = c( FieldEtal2013,  RomeroAlarcon2023Log), names_to = ""Models"", values_to = ""predBM.g"")"
"0",""
"0",""
"0","modelsPredict.DinoLog <- rbind(modelsPredictlog, modelsPredictlog10)"
"0",""
"0","levels(as.factor(modelsPredict.DinoLog $Models))"
"1","[1]"
"1"," ""CampbellMarcus1992""  "
"1"," ""CampioneEtal2014""    "
"1"," ""FieldEtal2013""       "
"1"," ""RomeroAlarcon2023Log"""
"1","
"
"0","ggplot(data = modelsPredict.DinoLog ) +"
"0","  geom_smooth(aes(y = as.numeric(trueBM.g), x = as.numeric(FemurCirc), color = Models), method = 'lm') +"
"0","  geom_point(aes(y = as.numeric(trueBM.g), x = as.numeric(FemurCirc))) +"
"0","  facet_wrap(typeLog ~ ., scales = 'free')"
