"0","dim(avesFCFL)"
"1","[1]"
"1"," 1172"
"1","   29"
"1","
"
"0","colnames(avesFCFL)"
"1"," [1]"
"1"," ""Clade.1""               "
"1"," ""Clade.2""               "
"1"," ""Clade.3""               "
"1"," ""Sec_Ref""               "
"1","
"
"1"," [5]"
"1"," ""Primary_Ref""           "
"1"," ""Method""                "
"1"," ""Taxon""                 "
"1"," ""EBM.ref.sp""            "
"1","
"
"1"," [9]"
"1"," ""Aves""                  "
"1"," ""BM.g""                  "
"1"," ""Pneumatic""             "
"1"," ""BM.Qual""               "
"1","
"
"1","[13]"
"1"," ""Meas.sp""               "
"1"," ""HumerusLen""            "
"1"," ""HumerusCirc""           "
"1"," ""FemurCirc""             "
"1","
"
"1","[17]"
"1"," ""FemurLen""              "
"1"," ""TibulaLen""             "
"1"," ""TibiaCirc""             "
"1"," ""TarsusLen""             "
"1","
"
"1","[21]"
"1"," ""TarusCirc""             "
"1"," ""Sex""                   "
"1"," ""Comments""              "
"1"," ""Living""                "
"1","
"
"1","[25]"
"1"," ""humerus_diameter_(mm)"" "
"1"," ""tarsus_diameter_(mm)""  "
"1"," ""coracoid_HAF_(mm)...27"""
"1"," ""coracoid_HAF_(mm)...28"""
"1","
"
"1","[29]"
"1"," ""coracoid_max_length""   "
"1","
"
"0","clde <- levels(as.factor(avesFCFL$Clade.2))"
"0",""
"0","pred <- data |> "
"0","  filter(Aves == ""Y"" & is.na(FemurCirc) & !is.na(FemurLen) & as.factor(Clade.2) %in% clde) "
"0","#pred <- data |> "
"0","  #filter(Aves == ""Y"" & is.na(FemurCirc) & !is.na(FemurLen)) "
"0",""
"0",""
"0","data6 <- anti_join(data,pred)"
"2","Joining with `by = join_by(Clade.1, Clade.2, Clade.3, Sec_Ref, Primary_Ref, Method, Taxon, EBM.ref.sp, Aves, BM.g, Pneumatic, BM.Qual, Meas.sp, HumerusLen, HumerusCirc, FemurCirc, FemurLen, TibulaLen, TibiaCirc, TarsusLen, TarusCirc, Sex, Comments, Living, `humerus_diameter_(mm)`, `tarsus_diameter_(mm)`, `coracoid_HAF_(mm)...27`, `coracoid_HAF_(mm)...28`, coracoid_max_length)`"
"0","predictions <- round(exp(predict(logClade2_FC, newdata = pred[,c(""FemurLen"", ""Clade.2"")])),2)"
"0",""
"0","pred2 <- pred |> mutate(FemurCirc = predictions, typeFC = rep(""Predicted"",nrow(pred))) "
"0",""
"0","data6 <- data6 |> mutate(typeFC = rep(""Observation"",nrow(data6)))"
"0",""
"0","#"
"0","new <- rbind(data6,pred2)"
"0",""
"0",""
"0","ggplot(avesFCFL)+"
"0","  geom_point(data = , aes(x=log(FemurLen), y=log(FemurCirc), color = Clade.2),"
"0","              alpha = 0.3, size = 0.7, shape = 16) +"
"0","  geom_point(data = pred2,aes(x=log(FemurLen), y=log(FemurCirc), color = Clade.2), size = 0.7)"
