"0",""
"0","# Predict VD - Estimated Body Mass"
"0",""
"0","Andersonetal1985poly <-   0.16 * palaeognathae$FemurCirc^2.37699"
"0",""
"0","CampbellMarcus1992 <- 10^(-0.065 + 2.411*log10(palaeognathae$FemurCirc))"
"0",""
"0","CampioneEtal2014 <- 10^(-0.683 + 2.754*log10(palaeognathae$FemurCirc))"
"0",""
"0","FieldEtal2013 <- exp(-0.11 + 2.4*log(palaeognathae$FemurCirc))"
"0",""
"0","RomeroAlarcon2023Log <-  exp(-0.09121 + 2.37699*log(palaeognathae$FemurCirc))"
"0",""
"0","RomeroAlarcon2023poly <- predict(poly2_BM,newdata = data.frame(""FemurCirc"" = palaeognathae$FemurCirc))"
"0",""
"0",""
"0","modelsPredict1 <- as.data.frame(cbind(trueBM.g = palaeognathae$BM.g, FemurCirc = palaeognathae$FemurCirc, CampbellMarcus1992, FieldEtal2013, CampioneEtal2014, RomeroAlarcon2023Log, RomeroAlarcon2023poly,Andersonetal1985poly))"
"0",""
"0","modelsPredict.backPalae <- modelsPredict1 |> pivot_longer(cols = c(CampbellMarcus1992, FieldEtal2013, CampioneEtal2014, RomeroAlarcon2023Log, RomeroAlarcon2023poly,Andersonetal1985poly), names_to = ""Models"", values_to = ""predBM.g"")"
"0",""
"0",""
"0",""
"0","levels(as.factor(modelsPredict.backPalae$Models))"
"1","[1]"
"1"," ""Andersonetal1985poly"" "
"1"," ""CampbellMarcus1992""   "
"1"," ""CampioneEtal2014""     "
"1"," ""FieldEtal2013""        "
"1"," ""RomeroAlarcon2023Log"" "
"1","
"
"1","[6]"
"1"," ""RomeroAlarcon2023poly"""
"1","
"
"0","ggplot(data = modelsPredict.backPalae) +"
"0","  geom_smooth(aes(y = predBM.g, x = FemurCirc, color = Models)) +"
"0","  geom_point(data = palaeognathae,aes(y = BM.g, x = FemurCirc)) "
