"0","Dinos <- read_csv('Estimated.csv')"
"2","New names:"
"2","[1mRows: [22m[34m111[39m [1mColumns: [22m[34m29[39m"
"2","[36m──[39m [1mColumn specification[22m [36m───────────────────────────────────────────────────────────────────────────────────────────────────────[39m
[1mDelimiter:[22m "",""
[31mchr[39m (11): Clade.1, Clade.2, Sec_Ref, Primary_Ref, Method, Taxon, EBM.ref.sp, Aves, BM.Qual, Meas.sp, Comments
[32mdbl[39m  (4): BM.g, FemurCirc, FemurLen, Living
[33mlgl[39m (14): Clade.3, Pneumatic, HumerusLen, HumerusCirc, TibulaLen, TibiaCirc, TarsusLen, TarusCirc, Sex, humerus_diameter_(m..."
"2","
[36mℹ[39m Use `spec()` to retrieve the full column specification for this data.
[36mℹ[39m Specify the column types or set `show_col_types = FALSE` to quiet this message."
"0","head(Dinos)"
