{"chunk_definitions":[{"row":155,"row_count":1,"visible":true,"expansion_state":0,"options":{"engine":"r","fig.dim":[25,21],"label":"unnamed-chunk-104"},"document_id":"CFA12156","chunk_id":"cxw8br89393zl","chunk_label":"unnamed-chunk-3"},{"row":182,"row_count":1,"visible":true,"expansion_state":0,"options":{"out.width":"60%","engine":"r","label":"unnamed-chunk-9"},"document_id":"CFA12156","chunk_id":"cmbpfa2sbgn7l","chunk_label":"unnamed-chunk-4"},{"row":335,"row_count":1,"visible":true,"expansion_state":0,"options":{"echo":false,"engine":"r","label":"unnamed-chunk-10"},"document_id":"CFA12156","chunk_id":"c8n679lrheoee","chunk_label":"unnamed-chunk-5"},{"row":349,"row_count":1,"visible":true,"expansion_state":0,"options":{"message":false,"warning":false,"font-size":"1em","engine":"r","fig.dim":[16,12],"label":"unnamed-chunk-11"},"document_id":"CFA12156","chunk_id":"cz7kvt9lgiyee","chunk_label":"unnamed-chunk-6"},{"row":369,"row_count":1,"visible":true,"expansion_state":0,"options":{"message":false,"warning":false,"font-size":"0.5em","engine":"r","label":"unnamed-chunk-13"},"document_id":"CFA12156","chunk_id":"c29kmfl7s3hv1","chunk_label":"unnamed-chunk-7"},{"row":456,"row_count":1,"visible":true,"expansion_state":0,"options":{"engine":"r","label":"unnamed-chunk-14"},"document_id":"CFA12156","chunk_id":"cypmxz4af1ckl","chunk_label":"unnamed-chunk-8"},{"row":471,"row_count":1,"visible":true,"expansion_state":0,"options":{"engine":"r","label":"unnamed-chunk-15"},"document_id":"CFA12156","chunk_id":"crusps0ryz61f","chunk_label":"unnamed-chunk-9"},{"row":536,"row_count":1,"visible":true,"expansion_state":0,"options":{"engine":"r","label":"unnamed-chunk-16"},"document_id":"CFA12156","chunk_id":"cngtldfclr6e5","chunk_label":"unnamed-chunk-10"},{"row":551,"row_count":1,"visible":true,"expansion_state":0,"options":{"engine":"r","label":"unnamed-chunk-17"},"document_id":"CFA12156","chunk_id":"csm6walqbilu7","chunk_label":"unnamed-chunk-11"},{"row":644,"row_count":1,"visible":true,"expansion_state":0,"options":{"message":false,"warning":false,"engine":"r","label":"unnamed-chunk-18"},"document_id":"CFA12156","chunk_id":"cyfejgnuec7n5","chunk_label":"unnamed-chunk-12"},{"row":657,"row_count":1,"visible":true,"expansion_state":0,"options":{"message":false,"warning":false,"font-size":"1em","engine":"r","fig.dim":[16,12],"label":"unnamed-chunk-19"},"document_id":"CFA12156","chunk_id":"cq9ajif07bot2","chunk_label":"unnamed-chunk-13"},{"row":680,"row_count":1,"visible":true,"expansion_state":0,"options":{"message":false,"warning":false,"font-size":"0.5em","engine":"r","label":"unnamed-chunk-20"},"document_id":"CFA12156","chunk_id":"cz0mjxjzpnyzq","chunk_label":"unnamed-chunk-14"},{"row":750,"row_count":1,"visible":true,"expansion_state":0,"options":{"engine":"r","label":"unnamed-chunk-21"},"document_id":"CFA12156","chunk_id":"c2rdz2lpy6dbs","chunk_label":"unnamed-chunk-15"},{"row":765,"row_count":1,"visible":true,"expansion_state":0,"options":{"engine":"r","label":"unnamed-chunk-22"},"document_id":"CFA12156","chunk_id":"cw6y1pzfjp8zh","chunk_label":"unnamed-chunk-16"},{"row":812,"row_count":1,"visible":true,"expansion_state":0,"options":{"engine":"r","label":"unnamed-chunk-50"},"document_id":"CFA12156","chunk_id":"cu973c43o0r9f","chunk_label":"unnamed-chunk-17"},{"row":826,"row_count":1,"visible":true,"expansion_state":0,"options":{"engine":"r","label":"unnamed-chunk-55"},"document_id":"CFA12156","chunk_id":"crp98rfwkepc5","chunk_label":"unnamed-chunk-18"},{"row":887,"row_count":1,"visible":true,"expansion_state":0,"options":{"engine":"r","label":"unnamed-chunk-105"},"document_id":"CFA12156","chunk_id":"c5p4kadlt5cmv","chunk_label":"unnamed-chunk-20"},{"row":894,"row_count":1,"visible":true,"expansion_state":0,"options":{"engine":"r","label":"unnamed-chunk-99"},"document_id":"CFA12156","chunk_id":"cgmtur6bhdg0m","chunk_label":"unnamed-chunk-21"},{"row":909,"row_count":1,"visible":true,"expansion_state":0,"options":{"engine":"r","label":"unnamed-chunk-102"},"document_id":"CFA12156","chunk_id":"caxz8qhwyeg1k","chunk_label":"unnamed-chunk-22"},{"row":947,"row_count":1,"visible":true,"expansion_state":0,"options":{"engine":"r","label":"unnamed-chunk-108"},"document_id":"CFA12156","chunk_id":"cvi4t0y3itq7i","chunk_label":"unnamed-chunk-24"},{"row":972,"row_count":1,"visible":true,"expansion_state":0,"options":{"engine":"r","label":"unnamed-chunk-106"},"document_id":"CFA12156","chunk_id":"cuc2p3yuqcfc5","chunk_label":"unnamed-chunk-26"}],"doc_write_time":1702620829}