{"chunk_definitions":[{"row":15,"row_count":1,"visible":true,"expansion_state":0,"options":{"engine":"r","label":"unnamed-chunk-1"},"document_id":"4CFE9F48","chunk_id":"cygo2t2alsocw","chunk_label":"unnamed-chunk-1"},{"row":27,"row_count":1,"visible":true,"expansion_state":0,"options":{"engine":"r","label":"unnamed-chunk-5"},"document_id":"4CFE9F48","chunk_id":"ckj1itxf1f0h9","chunk_label":"unnamed-chunk-2"},{"row":42,"row_count":1,"visible":true,"expansion_state":0,"options":{"engine":"r","label":"unnamed-chunk-51"},"document_id":"4CFE9F48","chunk_id":"cvtnznnzb9oug","chunk_label":"unnamed-chunk-3"}],"doc_write_time":1696564473}