"0","n <- length(avesFCBM.train$BM.g)"
"0",""
"0",""
"0",""
"0","lm_BM.MSE.train <- 1/n * sum((avesFCBM.train$BM.g - lm_BM$fitted.values)^2) "
"0","loglog_BM.MSE.train <- 1/n * sum((log(avesFCBM.train$BM.g) - loglog_BM$fitted.values)^2)"
"0","poly2_BM.MSE.train <- 1/n * sum((avesFCBM.train$BM.g - poly2_BM$fitted.values)^2)"
"0","poly3_BM.MSE.train <- 1/n * sum((avesFCBM.train$BM.g - poly3_BM$fitted.values)^2)"
"0","Spline_BM1.MSE.train <- 1/n * sum((avesFCBM.train$BM.g - Spline_BM1$fitted.values)^2)"
"0","Spline_BM2.MSE.train <- 1/n * sum((avesFCBM.train$BM.g - Spline_BM2$fitted.values)^2)"
"0",""
"0",""
"0","MSE.trainBM <- data.frame(type = 'train', lm_BM = lm_BM.MSE.train, "
"0","                        loglog_BM =loglog_BM.MSE.train,"
"0","                        poly2_BM = poly2_BM.MSE.train,"
"0","                        poly3_BM = poly3_BM.MSE.train,"
"0","                        Spline_BM1 = Spline_BM1.MSE.train,"
"0","                       Spline_BM2 = Spline_BM2.MSE.train)"
