"0","levels(as.factor(new$Sec_Ref))"
"1","[1]"
"1"," ""Campione_&_Evans_2020""     "
"1"," ""Campione_et_al_(2014)""     "
"1"," ""Canoville_etal_(2022)""     "
"1"," ""Chadwick_et_al_(2014)""     "
"1","
"
"1","[5]"
"1"," ""Chan_(2017)""               "
"1"," ""Crouch&Clarke_(2019)""      "
"1"," ""Elzanowski&Louchart_(2022)"""
"1"," ""Field_et_al_(2013)""        "
"1","
"
"1","[9]"
"1"," ""Gatesy&Middleton_(1997)""   "
"1","
"
"0","newAves <-new |> filter(Aves == ""Y"") |> mutate(Ref = ifelse( Sec_Ref == ""Campione_et_al_(2014)"", ""Campione_et_al_2014"", ifelse( Sec_Ref == ""Field_et_al_(2013)"",""Field_et_al_2013"", ifelse( typeFC == ""Predicted"", ""NewSource"", ""NewSource"")))) |> filter(!is.na(BM.g) & !is.na(FemurCirc))"
"0",""
"0",""
"0",""
"0",""
"0","# Plot FC ~ FL"
"0",""
"0",""
"0","ggplot(newAves, aes(x = FemurCirc, y = BM.g)) +"
"0","  geom_point(aes( color = Ref, shape = Clade.1)) +"
"0","  geom_smooth(color = ""darkgray"", alpha = 0.5, size = 0.5)+"
"0","  facet_grid(Ref ~ .)"
